language,population
kgt,4
yut,8000
unu,7
ket,61
auc,1650
luj,50000
ssk,560
kkl,2300
lbj,15000
dmv,2400
viv,5560
hul,5000
pov,1800000
ncr,13200
kgp,18500
xkt,2300
vmy,3700
ogc,334000
bhf,370
cpc,4000
kzk,14
drl,4
mup,5440000
wyr,3
bvo,1800
loc,85800
tku,3270
kgj,10000
quk,840
mpo,395
snj,34500
otd,78800
nds,2201000
mpx,20000
jos,30000
noe,2310000
bne,2800
bvc,13200
ogg,10000
hnh,1000
cse,10000
agr,53400
ncf,1840
bfz,1000000
hav,506000
pay,300
nzz,3000
afb,2550000
mqp,1500
gso,220000
jbt,40
wlh,6650
bhh,64000
zav,2500
rog,22000
kfv,3000
ygw,10000
dww,2280
bvy,10000
ztq,4000
gym,169000
kju,45
smk,56200
izh,50
mgk,850
tnw,21000
bjo,100000
txy,639000
pdi,1000
snw,11300
mqz,1180
itl,530
bqc,100000
tou,91400
cch,30000
nmk,3750
suv,15000
nmb,3350
ruu,4000
xkb,112000
rhg,484000
nhw,400000
nym,1470000
keh,7000
bpg,790
yso,36000
snu,250
sui,7500
mik,290
amn,4420
sie,16700
bze,197000
ctl,1720
nbc,66900
lul,33000
plc,12000
snk,1280000
acw,10300000
mwh,3840
mxu,17000
lsb,58000
six,2580
ldh,3420
zaq,3400
cpa,25000
tef,2080
tzh,589000
phd,1010
mse,383000
atn,27100
lka,4670
ady,86200
nur,500
crc,6
szp,800
gsw,5200000
ems,80
nki,23600
wun,30000
vum,5000
adu,5000
bcv,10000
vnm,500
spv,2630000
dds,45300
ijj,171000
clw,32
ddg,51160
dju,1340
hap,3000
eiv,5000
lbz,300
kem,83000
pnp,9460
mfa,1470000
kzn,134000
ter,15800
tit,1
afr,17540000
yva,10000
bdi,50000
tjg,50000
zpa,5000
bel,3510000
xby,89
nzy,18500
tmd,2000
nsd,210000
lgu,4180
zro,3
yna,25000
qws,7120
zmb,120000
nzd,10000
rmz,224000
ire,70
kzp,6660
txx,10000
dbr,34000
pez,10000
maq,1500
buq,1190
ktv,74200
ybh,14900
pnb,80500000
tsc,1000000
oca,50
pcm,120650000
oru,5000
isd,32600
rav,35900
zad,5000
tiy,60500
nvh,5
sbn,56500
wbb,1500
tys,300
lwa,21000
wab,390
swp,20810
snf,48000
mjp,5850
tbv,3230
sfw,305000
mjv,7850
dol,2390
ald,23000
bum,1658000
yko,2200
bny,12000
bnk,800
nkj,700
zpr,2500
leq,1760
utr,10000
zns,400
sje,20
gwt,32000
aib,12000
dln,6000
srg,1990
bkl,1200
nps,2500
bpe,2220
bxh,1500
sim,6000
ind,198000000
mmw,400
clt,15000
ygr,37800
aec,25100000
kyt,10000
trh,25
bxz,630
djj,370
niv,710
bpv,2900
smy,70400
snq,30000
jko,1000
xkq,980
ump,12
rwr,7830000
rut,13600
dnk,20000
ifb,10100
mhm,440000
dez,8600
lgs,400
hii,47800
fub,5180000
bti,100
mui,3105000
afg,190000
ymg,13000
zaf,880
scb,1050
pmf,77900
nka,36200
krh,40300
mxz,510
nss,2900
mdb,700
sew,4510
dtk,127000
git,520
ige,461000
dip,923000
kbx,10000
akp,71900
kug,20000
aof,460
oin,880
mep,12
hml,61000
aza,53000
ukp,21500
fal,20000
ekk,895000
kvc,8000
hmd,300000
dbl,74
squ,6
mew,10000
ium,383000
dng,56300
mrg,630000
bgy,350
ljl,105000
yun,95000
kov,42
ebc,7500
mws,70000
kdd,600
kfw,1400
nmf,187000
mhs,45000
nnp,59200
sgi,10000
mmy,20000
atm,3
tft,62000
wow,27600
paw,10
xrb,35000
bim,176000
sjm,73000
ebo,20400
vbk,2470
lim,700000
oua,20000
tda,65300
ssq,10000
kym,4500
seg,23200
swc,11100000
ksu,50
dug,555000
tma,215000
gec,119000
apc,20800000
ali,1780
swr,300
cnc,2730
ybx,66
air,1000
nja,77000
bfg,3000
wrv,600
lac,770
prq,300
kyn,15100
rmk,630
wnc,8000
tuv,1020000
bcd,1000
gau,8000
pnd,18000
swe,9500000
cut,3140
zbt,850
kpl,3000
thz,481000
ttf,300
zmx,16500
tln,320
kqj,2500
gou,15000
mur,196000
nnd,8700
ndo,279000
wsi,480
nrz,1540
doh,5000
uka,600
yor,45700000
xka,6900
mhw,37100
gwd,85670
pcd,500000
mml,900
yrs,200
ptn,10600
spy,296000
bmv,18000
nwe,73200
ckb,4700000
gka,130
glg,2570000
blo,43500
sbg,1200
tiz,85000
lib,80
dnu,2000
kjt,6000
cbo,19
gbi,79000
frr,8000
zhn,500000
kfd,14000
hmq,350000
ymz,10000
ngr,470
gnn,100
sjt,2
koa,800
enh,97
kcm,13000
ubl,73600
mwi,1100
kqo,99200
kzv,300
llh,120
sri,200
mvz,195000
mcd,490
dul,10
syy,150
bcj,30
aog,8220
vkn,4000
shz,155000
tpq,610
agj,46940
tuc,4000
bgx,460000
tdf,38400
kxw,600
gwc,100000
lec,20
cja,249000
sea,45000
aka,9100000
smz,3000
ptr,470
phg,15100
kph,1600
paq,1600
bis,118000
kjl,69000
gbj,8000
cwe,152000
iso,681000
aom,1190
mho,18800
svs,3590
ape,16200
syw,1230
jka,5500
aeb,11100000
tmm,20000
bbb,3500
swq,5100
slg,640
nyh,46
sxn,110000
mcz,400
mox,3500
rzh,62900
puo,29500
lkj,3500
kvo,5680
bdr,90000
pwb,3500
lbr,4500
att,1000
nru,47000
dbi,8000
cdz,47300
lsa,1000
ksg,3510
isl,300000
ysp,190000
rey,12
bjj,6000000
zam,1000
xtl,3250
tlb,27700
bvp,200
icl,1525
sev,77000
dya,14100
bzi,700
vnk,4
hla,25000
qvc,5000
ert,530
tgp,800
kdu,25000
jax,1000000
bhs,10000
tcc,161000
jad,137000
zkn,9000
nbi,97200
mmj,34300
gza,2600
xkf,65000
nfl,9630
kwt,2000
mec,5
tbk,10000
ofu,10000
god,26400
jwi,18000
bnu,10100
stv,881000
klr,26900
jmx,20000
moz,12000
jel,400
tsd,1500
acu,3520
cek,12000
lid,4800
gan,22600000
kyi,450
doy,65
jac,32600
pcl,69100
min,4880000
shj,30000
gbb,110
mir,22500
haw,2000
mmc,26600
jer,64000
msm,60000
kej,1960
swo,9
acq,11000000
kzm,700
mxk,410
kuj,424000
gux,1180000
bph,5240
nit,10000
dnt,50000
sau,4800
kay,530
bvr,1280
stj,164000
kuo,1260
bls,3300
bsw,4620
hei,45
dmc,3820
oss,345000
ego,268000
jal,1700
lmq,4000
agn,15000
bub,7710
nvo,1400
vut,41000
mcf,5000
mnj,5300
beb,40000
tes,42300
nxx,1630
gga,1770
nin,50000
nyu,490000
mmk,29700
gnd,26000
thd,170
kyo,5000
wer,6900
nuv,51700
wnb,590
yav,5200
tof,1050
mna,4500
ngg,29000
tsm,250000
fai,3270
awa,3850000
tdj,6100
mfz,90000
mln,7720
hme,14000
mpl,1700
kol,4930
mgy,11600
ott,37000
huv,11000
kmy,32000
pls,8440
bht,24000
iyo,14000
par,20
enb,129000
pze,37000
sws,2840
bml,2500
fau,1400
fui,24000
clj,15000
dal,580
hem,181000
noi,100000
yaz,232000
bzo,5500
lep,47300
sng,431000
qud,51000
bbf,340
lua,7000000
pub,500
bsn,1000
zna,5000
dks,987000
fmp,140000
nuj,530000
ceb,15900000
ryu,1180000
pia,1040
trw,130000
okv,35000
tkz,6000
mfp,1880950
vrs,8250
bhy,15000
phw,335
lzz,20000
hat,11200000
inp,4
mdi,60000
lfa,15000
mnm,450
nzk,50000
lof,13000
xmm,3320000
xon,831000
aub,3500
dtp,264000
piv,1870
bbc,1610000
yay,20000
bnz,800
saz,248000
jdt,2010
wlw,20000
abs,1600000
cog,500
tji,70000
pyy,1000
kfi,180000
ckm,50000
xsj,105000
duw,5000
kce,2320
boy,15
rui,6450
arw,500
aum,4200
zmf,8400
nzm,72100
amu,45900
mpq,450
wom,5000
mfe,976000
xtp,240
gye,2000
gpn,20
grd,15000
slm,35200
dur,50000
gro,12800
gwx,17600
pta,6360
pgz,30000
mov,200
itz,410
tnp,7500
phh,5000
cda,154000
sdp,5000
mot,3500
kle,43940
sbr,3180
kbz,2800
nqq,9000
csh,170000
vis,150
lok,216000
sfm,84000
bhu,6790
crs,88400
jgo,43000
bkc,40000
yle,5000
meo,2600000
mqj,89100
bkg,2500
vao,1900
xku,51400
zhi,13000
lko,68700
gcn,1410
lrz,1
kyv,3508
mfg,24800
smv,60000
pca,4000
bqm,4000
kwl,110000
wib,19500
idd,187000
grt,1150000
shp,22500
llx,21500
tld,53100
lcl,11900
lti,7710
sjo,30000
nmm,12000
mag,20700000
shv,44700
bnx,600000
khu,713000
kva,2530
ijs,71500
tcu,5410
nfu,12000
bro,300
bja,226000
bsu,780
fag,1140
nya,10500000
dem,1000
kbp,975000
hdy,1991000
lbx,100000
lbw,238000
jum,85000
bwl,8400
mej,14800
gop,350
loq,60000
brx,1470000
vaj,9200
njb,30800
grg,380
bnv,200
bie,60
khw,550000
gip,2960
lhh,3890
ysl,1000
aqc,1440
urx,800
duc,20000
fuj,2680
her,210000
tqp,2000
wng,1180
kir,4700000
aos,500
oki,50
bez,592000
kry,5000
inh,333000
mnz,20000
anq,340
kgb,600
hwo,32000
quz,668000
nhk,5140
bba,1040000
mhi,293000
kgn,22800
tio,14000
dmk,340
agm,2500
soe,50000
duv,930
nlo,8400
csn,151000
cbs,2420
szs,3000
nle,227000
hoy,500
pkt,500
asr,7000
mcp,80000
mco,5000
pic,1000
kdh,234000
zyb,1980000
uli,1000
gev,50
tbp,600
chl,6
kyf,10100
btj,6
pac,16000
ybe,4600
mfu,222000
krt,103000
lli,2100
spu,1000
ntd,5000
bee,2830
wrr,16
akb,535000
oyd,40940
sov,360
bhr,724000
nrb,73200
sue,3600
dix,50
bws,23000
kml,11200
ltg,200000
vlp,799
tlx,1620
kvq,40000
gmr,13
trf,10000
wrk,150
jig,40
thf,27660
ted,28300
kzz,3290
ibh,10
yis,800
lro,40000
csv,14000
auw,350
mgu,8500
lhu,280000
zsa,600
mub,35300
seq,89600
arn,250000
bga,16000
xns,1400
rmy,246000
mhn,1400
aht,15
uya,18000
tdo,4000
cdj,75600
zmj,1
pau,11900
tzx,3000
nkr,600
sne,29200
nbu,87900
bvg,1500
rei,13000
kyu,150000
zeg,1980
mee,4000
yum,290
lch,400000
wgo,1600
apw,14000
czo,3650000
sjw,260
boz,118000
nac,8000
rnd,153000
job,88500
ppi,100
mze,1100
jei,1280
nnk,3480
vag,13900
qvm,32100
nti,2400
mzw,42900
gwa,25000
ita,57700000
wno,1000
let,2000
xmf,290000
fkk,5800
gwf,1000
bbs,1200
coc,180
dgb,1000
kjm,16200
vep,1270
atx,1
xtb,3790
srh,16000
fuy,14000
bec,7000
oka,130
imt,16000
nqg,736000
nbp,3000
cfm,69000
aur,740
abm,12500
maz,74000
quw,29000
asq,8000
snd,30300000
hre,149000
aou,50
mqi,280
nqy,1000
bcq,370600
bno,75000
iyx,36000
lbi,4400
bzv,3550
saa,1340
llp,9500
bwp,20000
sto,930
qul,116000
apn,1500
ssj,500
kwb,7000
bfm,21000
mxy,4200
cwg,460
ahs,40000
ahp,6500
bqp,15000
vkz,11000
ekg,100000
bzq,2520
fni,1100
nme,29000
apr,4500
pne,3400
hid,200
slj,240
khz,19400
spg,50
pui,2000
anz,830
nhp,6800
shq,23500
fer,26000
yba,278000
mvr,1700
wxa,300000
dta,96100
hrm,50000
puu,152000
mqn,26300
gud,201000
ccl,45000
tul,50000
soc,6000
mit,3180
spr,10200
tml,290
ifu,30000
lem,4600
kun,143000
bpi,50
tyi,95900
afs,200
mrp,150
lbe,88000
tgk,8024900
bbi,2300
lgn,5000
boj,2020
kqh,4670
bgw,334000
bok,3000
lap,55100
ncn,420
aed,60000
kca,9230
iki,5000
yyu,200
nke,2930
smg,450
ebr,173000
boa,750
emn,2500
kvb,10000
tlm,2461
rtm,7500
xsn,18000
asx,1440
ayq,430
ndi,62000
mlv,2100
bby,9000
phk,2000
sko,2500
niw,350
mfk,27500
gek,10000
num,1000
nbk,170
qvo,10000
reg,115000
jee,4070
seb,272000
ynl,910
gha,13400
skt,75000
zpx,1500
sbf,400
nhc,30
slr,70000
igl,1620000
lmx,5500
kil,5000
bfy,2680000
tmy,2100
anx,1500
xnz,35000
khm,15900000
ypz,6000
lsc,10
amx,590
ypm,8000
nkh,41600
mba,30000
wnp,1070
mli,3090
krw,101000
mgq,78000
btg,329000
tfo,100
kwa,120
bmt,20000
uuu,30000
npy,6240
ndb,25000
yao,2800000
nhe,410000
kua,821000
hum,400
npn,720
mpz,900
kbr,1236700
byk,80000
ley,900
krz,100
mhk,152000
alo,12600
glu,10300
nap,5700000
fom,13000
acn,27700
ojv,4040
enl,6440
rsb,95000
kvr,260000
suq,26900
etu,67300
kmt,2500
jrr,3420
yku,1000
mqo,2000
sac,250
moo,6000
krf,250
cbb,270
ykl,21000
dsl,16000
ner,500
qvn,15000
cdi,111000
smu,4100
mrl,5900
afu,129000
agi,72000
mwv,62300
nyk,1150000
ass,3700
ymc,26000
enq,370000
ssy,146000
kmj,12500
sgh,40000
phm,12800
kth,10000
psq,360
ych,3300
bcr,520
loa,15000
kue,185000
ciw,5000
thq,258000
mrz,7000
bdf,1100
aca,250
soy,14900
mez,60
apx,150
gla,57400
zat,2000
aon,4340
cso,3590
imr,560
wbe,150
mhf,12
sya,60000
ilb,82900
nnw,173000
sif,26700
doc,463000
tlj,101000
zor,2100
hoa,850
myo,500
kvz,780
klo,200
gri,16300
ztg,2500
diz,155000
ndm,6500
dzl,22000
tdc,2300
ses,430000
rmg,100
tvs,26600
rkt,10325000
khj,10500
bos,1760000
kgf,7500
mww,233000
mdc,700
lbk,19600
cuu,50000
ura,4850
klb,4
age,18600
tdd,540000
ran,1100
tzj,72400
bve,11200
tuj,2590
aww,400
wgb,600
wla,230
sle,24000
rth,1340
tsb,19200
bzp,1500
mkj,1000
kuk,6000
tsw,100000
nkd,3000
kqc,2000
hgm,23000
dui,120
sbs,33000
amp,1000
mvs,25
kfz,196000
qxc,3000
buf,155000
gof,392400
ruy,6630
lzl,15
hto,1500
prc,10000
ify,8000
mpu,50
tpm,16000
ybl,15000
azd,400
srl,1800
kot,15000
kqq,10
mqy,900000
sqm,50000
lsh,2340
tin,4730
urr,240
qub,23900
bma,10000
zpv,2720
msu,200
svb,2800
mie,6170
sid,5041000
kez,180000
mor,79000
bhg,7000
gbo,150000
mps,12600
pud,370
ant,7
zak,97400
smj,1500
xdq,30000
kpu,1000
igb,2210000
idc,5000
zla,25000
hmb,15000
bmg,20000
gdi,9000
pmr,50
anp,725000
max,1000000
nut,1080000
kwm,41000
kdt,400000
jbn,247000
kqy,159370
moi,19000
mmn,4070
xed,25000
umi,580
lip,23000
mcc,860
pao,700
nht,430
yud,38000
emq,2000
yuq,140
awo,6000
msg,1000
erh,850
ruz,5090
psp,540000
nkx,4550
kou,600
sin,17300000
lsy,1000
bbp,4500
srm,31500
lls,8000
prn,8000
lrt,20000
hil,6240000
mxd,15300
boq,300
ked,241000
mmh,200
hke,200000
mvx,250
csr,15000
djn,15
sus,2200000
ypn,10000
koy,150
shc,96000
hsn,38100000
dyy,81
ory,39600000
hmu,900
bpw,300
pbr,95100
opy,12
sos,24600
trl,460
kre,380
kfl,600
zsu,1160
jra,514000
awu,7500
skh,19800
loy,3100
hmw,14000
trx,850
zlm,13500000
okx,8700
ort,400000
mcr,25000
ban,3300000
qvl,7000
kjn,7
aeq,100
ndl,8000
sce,200000
lue,171000
cnh,177000
ojw,3630
act,211000
tvw,660
cur,2700
bfk,400
leb,353000
pab,1800
psa,6500
bni,50900
zar,29200
ren,18000
kwh,600
msx,380
pmy,1100000
tix,1600
gun,6000
gbf,1200
wsr,640
moj,14000
bkk,10000
ktz,40500
pnr,12
ino,10000
unz,35700
ldb,78000
dna,20000
dji,150
sak,8000
aii,179000
gwg,5000
lef,72000
neb,76000
mll,1000
tor,12000
mxv,46600
tyu,820
mte,4490
zao,6500
sor,7410
dbw,1320
vun,14200
aac,50
nid,1
aku,1300
xbi,2970
gat,1000
ati,729000
trr,1
slc,1300
cin,650
suz,34560
sel,980
xor,140
qun,6
fll,16000
skf,22
lvk,2840
kup,8200
roc,2000
avb,620
svc,109000
kby,720000
zoc,10000
gbx,114000
tco,40000
abl,180000
nll,2000
prh,23000
ktj,200
ggl,470
ndc,730000
saw,3500
pol,37710000
bau,40000
dhg,200
pem,420000
bio,750
khk,2730000
lgl,9750
kha,1050000
iwm,3000
oaa,89
afp,250
tnm,3750
ayb,573000
itk,200
pww,60000
nlc,16000
agh,13600
sqs,73300
ayp,8900000
zhb,7800
gak,1500
vkj,1000
zpl,6500
kbk,4300
gsp,830
kqg,1300
ets,511000
ncx,16000
ost,450
mdr,499000
dyr,3000
nlg,17600
mfr,63
sad,60000
bgg,900
gad,30300
xjb,210
khn,15900
nzs,3250
usa,1200
fan,624000
mqk,7560
ndh,193000
huc,30
mpn,80
tru,16600
iru,11900
tpg,5000
siw,16000
rmq,40000
tkr,12900
kpj,3060
bex,180000
dby,1950
grj,116000
kqs,509000
naa,30
gqu,2000
zne,730000
wig,7
shu,1690000
bmx,650
ngn,22000
mog,117000
gta,5
nol,1
hbb,355000
som,11500000
thr,78670
kas,6770000
abg,600
loe,51900
bhw,70000
usp,5130
mic,9250
hds,40000
gyg,5000
cuh,70000
pnq,16800
jna,1990
mty,620
kwr,100
cry,7500
lse,42000
buo,26500
dlg,4840
ras,108000
tpp,4000
byx,15000
ila,15000
mvt,430
wbv,20
nkt,25000
adx,1800000
mbv,5000
bjk,2740
cns,7000
glo,2500
mri,186000
dso,227000
ywn,520
zpq,1000
utp,590
atk,1500
mqg,80000
njh,179000
trp,953000
bya,360
bwq,278000
zyg,765000
ghh,4440
tyy,6000
kpr,3630
btp,200
nib,1640
sve,330
bld,5770
sir,5000
aen,3150
dgx,270
sug,350
fod,20700
kex,517000
kij,40000
sgs,500000
kpv,109000
jae,18080
dro,7600
cjo,12000
yae,7900
mxo,460
llm,1150
bwg,34000
bup,670
gew,20000
lgm,44900
kpo,226000
nlk,10500
mgf,120
teq,13000
kjd,20000
nho,1750
cfg,11400
wrp,6000
jaa,780
pow,3000
msl,230
pma,6000
ogo,434000
ung,12
now,381000
mhc,130
ymn,560
gde,68000
dse,20500
yec,16000
tcp,580
bpj,165000
gab,34400
ovd,2400
aem,20
kjo,6330
ktt,900
jus,300
mid,150
erw,200
ukg,170
kiv,62700
swi,300000
yde,180
lew,215000
lpx,117000
tpz,5350
yuc,16
yux,360
maw,316000
mzk,99000
kxo,7
plw,14400
ist,1300
gug,6340000
ell,10400000
yln,300
kvi,16800
slf,300
goe,2400
vid,12000
uba,11100
skd,3
msv,250
klf,1860
ppe,220
spk,520
cmr,75000
gse,152000
swt,3000
hea,1250000
nyg,8400
bvd,11500
fin,5300000
ngz,45000
zhw,2000
aag,290
mlp,4000
zty,5000
srb,410000
cga,690
hgw,1060
ksb,565000
dsq,169000
bbv,520
duu,14000
uis,350
pse,1590000
iya,24700
acm,16000000
ctu,255000
ale,150
geb,2500
zaa,4000
ymo,730
mma,2000
bgp,2860000
mzi,8590
daw,154000
mng,30000
bqt,12000
lsw,100
cak,411000
cla,228000
gry,50000
ega,2500
caf,500
kdj,691000
ema,231000
tur,83440000
klt,1000
bms,42900
nyr,10000
orr,5000
wij,40
kkn,6300
spp,350000
cwa,14000
nev,9000
dgl,35000
cou,27600
sae,3
bpm,650
sfb,4000
gzi,7030
sti,53000
lvs,1840000
chd,2200
stm,500
ssn,20100
bov,11400
auu,350
how,140000
bvj,5000
msi,3000000
wos,7200
srk,400
omi,91000
qva,18300
yea,26900
imi,1960
hmy,28000
urh,1110000
jmr,3000
ksz,15700
ppt,6500
ntu,5650
bkj,8870
bkw,14000
muo,39500
bxl,500
vel,175000
lla,46000
pib,3260
bwu,168000
unn,30
gyo,200
bpn,60000
zik,4630
tew,1500
enc,200
woc,1600
tgu,3000
okb,50000
bdk,200
tbr,17000
jks,4
abp,3000
bje,43000
zsr,12000
dno,126800
rgs,18000
bko,1500
nnm,7000
knx,321000
ytw,270
nyy,1210000
bwk,520
irn,90
zpm,7000
mrd,308000
alu,26200
glk,1450000
mbb,15000
hun,9480000
ags,34800
waw,2020
gyd,8
ree,3030
zgm,173000
nsw,404
cll,3000
kgs,310
mzv,220000
pti,360
vnp,400
ttl,1120
aug,14000
xtt,390
mpc,1
dio,215000
bxe,10
kco,305
mhy,150000
lbf,11600
trb,130
avi,21000
kcj,500
int,90000
lbn,22400
skp,2200
gok,35000
bjm,69400
syi,1000
wmo,4260
btf,29000
bqx,14000
nuk,110
onj,150
tpc,590
jiv,42300
mgo,83000
mch,6200
mvo,11300
tgh,38000
mqf,2000
ywg,12
mta,30000
zpf,14800
zen,200
ish,651000
mix,9170
lee,326000
pgi,2140
spq,2700
gex,602000
mke,98500
ypb,17000
dae,5000
bah,337000
apj,510
tbf,4000
bzf,35000
ast,699000
aia,11600
lif,369700
zum,5360
kjb,166000
bgz,88300
inb,18000
ksj,1300
toq,312000
nbj,50
zrn,2240
kya,100000
kwx,25800
apo,1200
mzr,1980
ggt,900
gmv,1654400
chy,380
iqu,25
sag,5100000
eky,8000
gdq,92300
tlv,4520
enn,20000
nyf,1160000
daz,400
erg,1900
riu,14000
mwg,3700
kvl,20100
bff,23500
jul,5500
nxd,220000
mvk,1400
kqd,800
ior,280000
ksm,3420
kib,100000
kax,400
xtn,5790
vai,189000
bmm,1270000
gdu,5000
bqb,300
aez,3400
koq,25000
knl,32000
sze,13000
tpf,630
las,198000
kft,206000
kvn,2600
ntp,9860
tuo,4600
vas,187000
tdh,41600
kxh,1480
kuy,38
kop,1650
rag,335000
ote,88500
nui,9200
xkw,20
bdw,1100
ppk,18800
zrs,3300
ace,2840000
mkf,40000
dge,790
gve,400
nni,500
prz,13
acp,5000
egm,60000
mmx,3000
cpo,2000
ush,3300
gaw,2400
plg,3490
meu,39000
bxc,900
dnv,100000
tnv,46000
bwo,38180
ntk,34700
syl,8020000
hih,1800
sgz,5000
lus,831000
sip,25000
lwl,7000
sey,950
gdf,55900
ail,300
nup,2020000
ssm,670
mwn,140000
hps,40
fon,2210000
mgn,2750
amf,81520
kgu,720
mlj,270
ifm,14000
udg,3370
kbj,1000
kmn,700
sub,50000
syo,300
awb,2050
dgk,34000
mji,200000
gap,340
ssv,810
ssr,1700
lss,14800
uki,741000
bjw,10300
amy,30
xwe,93400
otm,49300
oia,1220
wro,8
ckz,2000
ess,1000
xtm,7350
bbh,2700
tvd,130000
qve,200000
qux,600
bmz,850
mdl,200
aif,960
jya,83000
ldm,62100
pby,250
ecs,50000
rpt,330
xtd,3410
ckl,200000
wwo,300
nat,20000
lpo,250000
lup,19700
ldo,8000
lxm,800
huq,4000
res,44000
cox,94
ndt,2500
zpn,2240
sxw,323000
cag,10100
ilk,5710
kuw,3830
bjf,4
mqw,300
agq,39100
olk,5
dzo,304000
mzz,900
njj,1800
skb,3840
ymh,23000
gbd,50
bev,250000
han,155000
vig,8000
uma,25
bob,7600
jqr,740
tpi,4122000
hmt,45000
aqt,1030
lgg,1100000
oyy,380
ewe,3820000
knb,30000
mjo,18600
meq,10000
rnl,8000
mgl,7730
azo,14000
kwv,35000
kvd,100
kpb,26000
twy,20000
zmz,352000
biw,12000
bfi,86000
lbm,139000
mka,50
swx,140
lix,160
maf,500000
mlq,1760000
buu,281000
ddn,296000
obo,55000
lau,2000
ckh,3080
hru,3000
yuj,1310
kto,1500
bew,5000000
alf,16300
cwd,5110
atu,116000
oso,19000
gcl,107000
nml,10000
mwp,890
mad,7790000
piy,7000
kbm,2100
ktf,400
jow,17000
pmi,35000
hye,2960000
swk,805000
jih,4100
cdh,126000
pye,20000
atv,62600
gbr,1290000
arb,28900000
liz,10000
mls,297000
sas,2100000
ges,36500
iwk,2570
msh,550000
leu,5870
agg,1500
lwe,4000
scu,2170
npl,92000
gbl,139000
myj,400
ztn,1000
kid,3000
ylb,1330
ghk,17000
biv,183000
amv,5700
weu,5000
xmv,156000
bmi,44800
mnv,4440
xnq,53000
ahi,9000
aim,2640
uzn,25500000
zcd,16700
ask,45000
kfc,60700
hin,602000000
ukk,4500
bbm,2550
apg,30000
tdb,257000
blr,42000
nbr,50000
mvv,20000
laf,30000
hoc,1420000
ttb,10000
spt,10000
hka,9130
mnl,400
scq,10
iwo,2700
wap,6000
bxp,6000
mde,542000
jib,30000
gnt,430
cjk,2210000
spn,980
hiw,280
mkl,39600
kit,2440
bin,2030000
vem,10000
ssp,60000
pcf,9520
kqm,5000
bif,53000
ubr,2560
tia,1000
atg,20000
neo,1000
pnz,82000
thp,130
kgk,18000
njo,260000
gda,500000
ula,3000
vwa,98000
byh,13840
ver,104000
wbr,3390000
ngh,3
esl,500000
dgo,2600000
bzl,2400
bzk,18400
mdf,93300
snm,60000
hio,2000
chp,11600
iko,30000
amt,500
kzb,500
mkg,5000
kdw,1200
nhr,18000
ndx,10000
lmh,2853
brt,46300
xnh,1000
mmi,1500
otx,12000
rtc,4000
rit,21
nnz,49000
eko,140000
tiv,4560000
bth,63900
aoa,7900
tds,70
mgt,200
cce,1100000
noz,9070
itm,5000
mqr,20
uda,10000
dbq,24000
haz,3120000
tez,2000
one,210
cgk,30000
des,700
eth,560000
adt,260
met,1250
csy,10700
hus,169000
bdq,287000
box,411000
aio,1500
slt,3150
oon,94
szn,20000
wmx,6
mkv,41
tbe,320
tan,272000
ank,380000
wln,600000
bkq,950
ibl,116000
xmw,1615000
aoz,700000
bmc,3000
sde,3000
bqh,10000
aer,1930
yon,6000
coo,47
fuh,1240000
jia,1500
huj,84000
aob,3
sll,6500
djr,3870
kcg,255000
bbu,40000
txu,7270
rwk,90000
juh,7000
rnn,1100
cdo,10600000
bak,1090000
soh,300
sen,119000
etz,1000
bib,612000
llb,330000
mpj,910
nhn,40000
xsq,432000
gwr,621000
rab,118300
brb,26000
rir,45000
bry,260
biy,2000
rro,12000
krn,66700
hlb,966000
btn,370
tyv,253000
npu,3000
tnl,11500
dau,63100
kng,8000000
mtl,21900
kqf,900
bss,100000
byd,54000
sib,1730
mks,18700
usu,270
atd,11600
ckn,1000
wdd,10000
nwi,4500
lub,1510000
dav,344000
poe,3690
qur,11000
xml,58700
smq,900
asv,25500
krv,6220
alp,17200
tos,120000
ngl,2520000
cje,23200
drb,1000
ayh,5100000
bvn,750
csm,12
sbl,32900
jie,100
siq,300
bwn,20000
sty,101000
btz,101000
bng,4000
lwu,50
nre,21000
wme,20530
mzc,135000
itd,27000
lug,10950000
tap,250000
xsi,3000
nxk,2000
mdv,5330
lsm,525000
suj,92400
kag,620
mcm,2150
izr,50000
akv,5020
mhx,121000
iri,40000
khd,5
gct,1500
nty,1100
wdg,950
muu,10
skx,6000
nmx,1200
lkb,137000
mau,74600
ich,50200
nhu,40000
mbx,80
ugo,150
kam,5260000
jdg,21200
isc,82
frd,50000
urb,800
loj,1230
bzy,65000
diy,100
klp,7
adb,9810
jbu,2440
kxc,247660
sez,33000
tnb,700
nos,75000
xkv,78800
lio,11
dhs,5000
kdn,145000
ncj,60000
zmg,50
tpo,2500
nkf,54200
kwe,2500
mrc,35
olr,3
eit,500
sab,18000
bqr,4350
okr,463000
mda,100000
tcb,10
ikp,5320
vme,520
bac,10400
skv,700
bhz,9780
bst,101560
hab,39000
ikz,52900
ibe,10000
zpg,4720
okd,3600
pnx,30700
rap,1000
seo,300
cco,2000
yha,600
xwg,5110
tsq,200000
tlc,500
nsr,90
drs,1458000
cty,5400
cov,63600
dmy,1300
nij,890000
zps,500
chf,60600
sik,33
xau,400
lel,26000
udl,10500
sod,49600
aij,3500
sow,970
ged,72100
isn,26000
kvu,9240
yeu,68500
rsm,3
lur,10000
smn,400
hyw,67300
kuu,5
myw,4000
cey,6650
ste,3000
bdm,51600
bhq,130000
gdg,6000
pkg,1090
dhm,18000
pch,135000
wik,86
mhu,44100
alq,1950
twd,334000
mff,2300
dni,20000
isk,2500
xkl,12000
buz,1000
tey,2500
isr,10000
ola,3800
txi,340
aaw,4160
btx,491000
ykm,3460
twb,6810
cav,600
brm,25600
bcc,2390000
tsh,2300
kws,60000
ilp,241000
anl,4000
zbc,1500
ptp,1700
jek,1500
bnj,1130
gup,2260
msn,2000
jrt,500
mbw,13000
slx,60000
aod,2100
weo,6000
bpo,2000
bxm,49300
toc,48100
ywl,38000
bkn,570
ctg,13000000
kqi,3000
nde,3010000
ncd,13090
omo,1170
sbt,500
amb,1000
trs,4060
gaz,24600000
sso,3530
myg,7500
tdg,394600
kyh,12
tav,330
etr,1670
qvp,130
zos,20000
kpg,3000
kck,196000
zpd,6000
bul,6200000
kzd,350
abw,1160
bmq,317000
myk,738000
hji,17500
daq,200000
ssc,113000
rin,50000
mbl,1270
doa,16000
nar,10000
naz,1400
scg,45000
xmj,500
atp,710
wav,5000
aoi,1520
npi,27100000
hag,6800
lgq,7500
mqe,280
kan,58500000
ulk,260
zgr,100
khf,8000
ghe,18000
dsn,3
tbg,5000
asn,120
cnt,1850
tem,2210000
tva,2380
kqv,3390
wlr,350
bci,5280000
esy,500
ngw,10000
qxl,21000
brl,15000
yua,775000
ttn,120
blb,12400
nex,200
khy,160000
xkg,15000
bil,38000
bdo,4500
kul,29000
glj,3500
rge,30
mmr,820000
gie,7000
jeb,30
liq,68010
tll,750000
buh,4600
tdk,5000
ggu,60000
upv,9000
cpg,2800
cku,370
lit,2400000
asc,9000
miz,2090
ahl,7600
kze,2780
kqn,206000
wru,350
sbm,111000
mcw,6560
col,5
btv,41000
alr,170
pil,386000
lmo,3600000
nyd,155000
ncz,6
bts,151000
hrz,35800
ymr,7760
wax,700
bod,1070000
kyy,3
ysy,8000
ptt,94500
gna,6000
pmj,19000
pcc,2970000
jpr,55000
yka,130000
xri,680
bid,14000
orw,5
abi,96500
khs,580
eli,400
pnn,700
nwm,1630
bvz,1500
gnk,1030
bmb,252000
ycp,1000
mlt,499000
pnc,24400
ngp,215000
boo,2500
dan,5640000
mdz,260
rwa,100
nmg,9000
duh,100000
nix,125000
nlz,1590
anr,100000
ary,33500000
abz,16000
bgc,9810000
mos,9760000
seh,2030000
kjs,50000
ksi,420
ipo,600
nxi,5690
tmv,5000
hvn,110000
bka,10000
jbj,1000
akw,42000
psh,95400
rma,740
mme,1000
snv,1110
fmu,400000
dun,20000
urt,7000
ahh,3000
ikh,7000
gmz,190000
esn,26000
czn,8490
skz,450
mza,2570
asl,8760
bxg,3500000
kfh,29400
yip,30000
mha,4040
bmo,29000
rmp,1590
bfw,9000
pmx,143000
tmn,30000
wlg,45
ble,338000
ktb,822300
lnz,300
sdu,2550
haq,1230000
ctt,5000
jup,1500
knq,110
haf,1800
nud,150
gyn,643000
bhm,16
nih,276000
khe,3500
tmb,700
bhd,116000
rup,16100
kvj,40500
wed,13700
sgp,2500
jiy,1000
adn,3000
mpi,16000
tcs,7780
wlx,84800
pis,564000
kmh,20000
qxs,81300
dbe,440
mjn,570
nkz,5000
abu,106000
fqs,2500
bsg,7030
baw,12500
bjz,2230
xay,1300
hah,3000
mgv,271000
kad,300000
tvn,400000
add,1900
aml,16000
jao,47
pga,1447000
jim,10000
mtk,1490
ign,1080
bap,181500
urg,1500
jod,167000
gol,177000
tag,29000
kmq,15000
knj,55300
peg,65000
khl,2130
wiu,20000
lht,580
ise,40000
omg,2
azn,900
rah,140000
pbv,319000
hax,7
msj,4700
fun,1000
mfd,27700
nhy,8130
ykk,100
gnu,1330
akg,16000
tmi,995
kuc,500
cbn,1500
mjr,27000
omt,50
xop,20
suw,361000
kkx,8000
tsj,163000
gyi,4250
wat,600
run,12000000
njy,4400
lts,85600
ktd,90
cnw,18600
jbr,200
tee,1500
mek,20000
gyz,5000
gyl,55700
uro,5000
lom,299000
mzp,1170
svm,1000
zoo,100
bwc,19600
nbd,4200
cji,4930
awn,553400
wms,3000
puw,1500
nlq,1000
slu,8000
bys,4000
luc,495000
dmm,50
pek,1060
nun,400
bmu,10000
lhi,117000
bft,443000
pux,35
nlx,15000
mlx,600
mpe,30000
diw,93000
dac,350
sms,300
lun,225000
bdd,4000
fir,5000
eve,5300
awt,340
bbn,12000
uku,14100
mio,20000
siz,20000
mto,5470
bxd,400
enr,2000
kmp,3000
jda,300
vsi,5000
lcs,1830
mnb,266000
woi,6000
dek,2980
ztt,50
alx,500
bhi,753000
cro,4160
mxm,4500
tpy,51
tnz,350
ntz,7030
mdh,1100000
pwr,326000
mdp,200000
dts,50000
kxz,1090
elm,58000
mpb,7
kin,12300000
nhb,17000
tke,368000
gxx,479000
tir,1940000
ppp,8400
idb,4940
buj,2000
xkz,15000
tte,2400
lml,7500
lon,3990000
kwn,170000
fie,26100
mxq,8000
wmm,31500
kwy,2780000
hlt,30000
lsi,30000
zoh,4500
gul,390
knu,99300
cuj,200
yki,200
blv,950000
zpi,2000
luo,5070000
bvh,20
cof,1870
zqe,140000
kko,15000
sij,200
xat,10
neq,13000
mbr,390
lir,5000000
awy,3870
kig,3000
vmd,1580
sth,27000
cpx,3100000
fuc,4530000
cbr,2780
nod,6000000
moy,83580
beu,10000
eto,250000
kcn,28800
kpx,2900
yng,3000
ojs,15300
mce,850
zpe,8000
smb,3850
ckr,900
ssx,5050
nng,25800
cto,15000
byi,63200
wha,7000
hra,18700
klw,3640
waa,25
les,357000
kai,385000
aty,900
hsb,13300
nte,4500
kcd,100
tso,5680000
bjx,6890
juo,2000
kpt,260
xke,500
ons,11000
tlu,10000
btw,71500
mbq,2610
upi,290
bqs,1725
mfh,18000
pai,8000
ese,520
kkc,430
tgf,1500
bog,25000
mlr,8500
thv,73400
zzj,1500000
buk,12000
zpp,900
men,2500000
abk,109000
lmd,15000
tcd,4400
skn,25100
mcx,24000
kny,200000
abh,5140
mni,1760000
ocu,100
ybb,225000
ped,1390
cby,150
gbv,95000
gke,5
hkh,20000
dok,10000
tvu,40000
uly,2000
nkc,2230
kge,470000
ajg,1090000
dox,19020
gkd,50
luv,8940
xok,100
pdo,3100
thl,500000
ahg,4830
mti,1470
itx,80
gbm,2480000
lmr,4000
tbd,630
gar,2620
arp,1070
ron,17800000
urd,169700000
kxr,1730
lrn,220
qvh,44900
csp,2370000
kst,20000
emp,22500
xdo,6000
bir,260
bpc,600
gaj,22100
xmz,14000
zae,2900
two,5380
kuf,28400
asf,16200
tnc,1800
atz,11
txq,20000
iry,10000
dwu,300
sei,720
jsl,126000
ili,120
kjj,2150
mpv,12
zgn,1000000
tij,20
tts,15000000
wrs,2500
guh,23000
clo,1280
vav,387000
syx,1000
tnu,200
qxn,122000
mvf,3380000
mxj,3000
ntm,113000
sdz,347000
xks,1010
sda,588000
kjh,19000
apm,150
igw,47800
bnl,59
hrx,3000000
csx,300
jet,500
rsn,33700
shy,2370000
mtj,8000
xug,4900
aph,5900
vls,1070000
toy,440
kdf,6000
lic,667000
wca,6000
bqw,1000
gno,1950000
mym,157300
btr,1330
onp,1000
whu,500
knr,330
bsm,700
ukq,100
arr,200
dia,1840
kpz,274000
nyp,20
nim,682000
mvh,5000
nbh,60000
nie,5160
pug,14300
arz,94500000
ztx,550
mib,8300
koi,41400
sju,20
nbo,10000
tsr,10000
plo,1
roo,11600
jam,2670000
hvv,500
dto,50000
ncc,560
vec,3800000
pce,258000
kfk,98600
wci,854000
thk,220000
atq,29300
nsf,24000
gin,600
ity,12000
vmw,3960000
byn,69600
hwa,2100
tkg,1130000
ikt,1490
sbh,770
bgr,4440
tui,130000
stt,47000
beq,100000
guf,1100
hia,40000
enw,15000
plb,225
nkq,7000
sse,80000
rmi,50
dux,160000
rej,350000
yan,8000
pny,21000
nse,405000
gnz,1400
aiq,1400000
hhy,95
cli,6000
irx,1570
gpe,5002000
xuu,4000
lrm,43100
uji,20000
bdv,50000
tzn,1200
ade,26400
ymb,1080
blf,90200
sxe,1000
kjg,708000
bna,11900
beh,179000
bdt,130000
fli,25000
szl,467000
hhr,19700
gdx,3000000
vah,6970000
dnj,1300000
ppq,200
bqk,42500
yer,520000
wew,55000
dho,49100
amq,50
jaj,300
cnr,230000
yad,5000
kdx,5000
prm,1180
bcb,1850
swm,90
kzr,17000
pmo,2000
hne,16300000
yah,9000
hno,5250000
biu,19000
pcg,22800
yiq,30000
bpa,1200
inj,11200
zgb,1500000
abq,30200
liu,2000
mrn,15100
ymx,9000
fuv,16500000
geq,550
arg,25600
sgr,25000
sha,9000
sfe,7000
pbu,18300000
moh,2050
zab,28000
tkx,100
lmf,8000
kfg,2800
mpa,72800
kzc,150000
tmf,1260
blm,65000
nnh,250000
dim,1100
wbp,2620
goc,2470
jmc,195000
kvt,9550
yaq,19400
muh,23000
glw,28500
yac,5000
vmq,220
tel,93900000
pwg,3000
khg,1380000
sjs,86000
ruf,404000
yak,25
lcm,16000
ndd,19500
sjg,80000
sbd,133000
cmn,1103000000
knd,500
daa,60000
tye,14000
msz,10
mhl,2390
njz,299000
xho,19150000
sef,1600000
dai,49900
cbq,1000
ayo,2460
mcv,300
yij,380
ubu,32000
nsl,5000
ney,9200
aks,59200
bfr,58200
kri,7734000
kki,337000
lya,1100
kih,1970
dma,9840
tyh,430
pkr,1370
ghn,3760
mus,4470
pex,6340
muz,8390
has,89
kls,5000
yky,100000
mak,2110000
sop,1000000
opk,400
kfm,27100
psd,75
krs,30000
hca,10000
ihp,5500
trm,3500
ttz,4790
sys,33000
raa,6670
pmn,30
mns,1350
kcl,2200
llg,20000
umb,7810000
mvp,123000
sbb,3130
gil,116000
foi,7000
cih,220
mqu,70000
tng,30000
bjt,126000
asi,1000
gig,25400
zas,5500
bfh,1200
luz,1510000
blc,11
ppl,1300
lai,59500
bck,150
bzs,630000
bnp,13700
mfc,36100
mxp,16800
bnr,520
rki,1820000
mux,30000
myx,1650000
hmm,70000
bns,5630000
gaf,3230
put,6000
ilo,6370000
lhl,750
sbk,322000
rof,202000
kxm,1400000
kif,5000
kyd,610
fia,183000
psr,10000
gag,169000
wal,2789800
ism,10
apt,44800
bdj,2500
prl,98000
muc,200
dhw,53950
lay,80000
ctn,4700
kmv,2400
nly,42
tad,650
ije,4800
rao,6000
gnb,16500
cbg,350
lrk,20000
mra,400
zaw,19500
www,6000
bmh,1750
ivb,1240
lra,11300
vie,82100000
gbz,8000
lbq,15000
neh,10000
njm,153000
jaf,46300
wem,312000
dgi,378000
kxb,9920
mkm,2750
nbv,108000
wod,5000
pst,6370000
ads,41
huf,940
mnn,30000
cjy,48000000
sbx,37000
otw,220
mpm,2000
awi,21100
kno,354000
bag,67000
kka,20000
fif,50000
bjg,36000
tex,10000
cpy,13000
bkd,122000
shb,470
bjr,1200
lmn,5080000
kbn,93000
aab,10000
ssu,10
nkv,5000
cdf,8600
ytl,950
mvy,200000
krx,12600
aaa,9000
tnr,5650
lma,4000
lob,338000
mbf,10000
tnn,5000
bxf,4180
grv,56100
bek,3130
arv,10320
mxt,9760
ssw,960000
hms,500000
zlj,1560000
yoi,800
djc,60000
ssl,30000
ygs,50
kcv,8400
nog,85600
hnd,1750000
xav,19000
phl,14400
org,75000
kud,950
pmb,21000
ole,500
dwr,533000
moe,10700
mat,650
stp,10600
jku,500
heg,14000
pav,2720
mca,1040
ybi,11190
idu,976000
mdk,15000
ysm,270000
bcl,2500000
keo,182000
tnk,3500
msy,12000
kli,18000
hbn,4410
byz,4000
sbu,2500
cim,2230
ues,5970
lsd,8800
kio,400
tuh,2000
ugh,7000
mwq,15000
cma,50300
lev,10800
pgk,380
myv,187000
otz,460
zmn,2000
nza,40000
psw,750
fry,718000
amm,490
ngc,150000
hna,11000
tmq,790
zln,48000
xru,2
gqr,159000
bwb,1730
thi,4800
hoh,400
srp,7700000
deq,10000
mlb,110
ncu,95000
gai,2090
lbs,20000
cgg,2390000
rsw,6000
vmp,27500
tnd,50
mav,6220
kim,93
pck,79500
kwj,10000
kpm,201000
app,10000
mny,219000
kdl,100000
jit,365000
drg,55000
lga,3100
bnw,3500
oyb,32200
jnj,92200
kkj,100000
thn,3000
yii,52
sco,1589200
prw,430
tbo,16200
ksn,12100
dsi,2370
mlk,21800
nbn,500
ekp,30000
xkn,2000
bhn,760
way,450
cna,10100
wrm,420
jmw,450
zmw,11000
okn,3200
bam,14000000
new,895600
acd,10400
skm,1000
nuz,1550
sil,105000
kke,50000
myl,9940
acv,10
ike,41700
udm,256000
wti,213500
kis,220
bqz,30000
laq,900
tcm,500
byf,50
pnu,1080
nyo,967000
crq,1500
xis,206000
csg,21000
gmd,2000
rmm,1700
cde,26000
csj,7300
naw,14000
ret,800
smr,40300
ekm,10000
nqn,350
tsg,784000
say,300000
val,70
nsm,10800
mrb,500
lth,98000
bcn,2000
kbl,845000
hmc,40000
rga,2030
ndp,54100
vrt,900
gvo,1120
pos,4000
por,9900000
tgw,257000
mhd,7000
don,1800
ilm,22000
npa,800
iws,2500
fax,8600
xts,34
asm,15300000
gbh,8100
tmu,1500
tlo,1500
mzh,26500
dbv,1100
kvh,1730
tar,29700
mpk,1000
dwk,200000
igg,200
lyg,11600
iti,9000
cvn,440
ggg,35300
kkr,1000
kxp,404000
brz,1250
bsa,300
gvp,970
meb,1570
caq,37000
hle,15000
uge,1270
pcp,3
kaz,13800000
cax,4620
dmw,130
cym,538000
xod,3700
agv,2530
mrh,75000
mrx,55
wym,20
nnc,144000
tgq,550
blj,30000
mij,1850
bsp,40000
kfe,930
lag,371000
oku,87000
xtc,75000
eze,5000
sig,53000
tba,150
lgo,19000
csd,10
kyw,311000
mai,18500000
lnm,300
ndy,17000
bbe,11000
shn,4590000
jct,200
gya,323000
kea,492000
bpx,10000
ttv,5100
gsg,80000
wle,70000
all,350
anc,693000
nxl,1500
doe,10000
jic,300
gjr,1000
kui,1110
kuq,10
mct,30000
jbe,2900
wba,32400
aws,9340
skr,25300000
ldk,5000
ids,50
kac,900000
kbb,150
wtw,250
sah,378000
nto,100000
snn,200
bkp,21000
xsr,127440
fak,4000
mle,3000
aro,110
qvy,7000
afz,120
tci,930
sdg,5000
lgk,1250
lmj,8000
kcy,3000
dgs,9000
vif,13000
tcq,220
niz,950
pss,4000
dje,5900000
cat,8810000
buw,4000
cap,1800
taa,1
zyj,870000
uri,6340
tbw,17200
rgr,1
gnw,7000
mtc,910
mow,3020
snl,15000
akj,3
bhx,8670
ayn,12300000
mah,51400
kqb,6000
tqu,2550
aah,2560
xty,10600
nri,111000
cjv,26000
bnf,1000
rwl,5600
bwj,69200
nbb,7340
mqx,62200
sme,20000
bhv,19000
nyi,173000
ksy,25000
bia,20
txm,19700
juk,100000
hni,740000
aal,5000
aey,9290
cjs,2930
mif,90000
wmt,290
pnl,260
dga,924000
bui,11600
dis,137000
ham,4800
kvf,17900
onr,2000
kcu,5520
pqm,820
szc,2000
tod,261000
nus,1550000
are,910
nch,196000
rjs,155650
sun,32400000
tzm,2920000
mfl,50
sxu,2000000
lkc,5400
plk,477000
qug,1000000
xwl,63000
cra,13770
piu,1570
era,5000
kzi,4000
nsx,50000
auq,320
ihi,53000
bri,20000
blk,858000
zpk,53
mfi,23500
soq,2460
lwg,94200
kxj,7110
pbc,4700
bqa,2500
xel,200
mxx,300000
klq,3870
wuy,300
rak,1970
lax,33900
uar,4500
sdx,420
liv,20
tdq,3420
urp,200
mmu,8000
akf,26900
unx,486000
afn,200
lgi,900
lcq,6500
ttt,8730
rmn,101000
gfk,10000
zbe,1100
nuu,16000
olu,70000
xow,30
bix,12800
smt,10200
ktc,2500
tgj,62900
osi,270000
anh,2000
iii,2000000
kps,10000
knf,42300
tsi,58
orz,500
pnt,400000
sjp,2260000
twu,30000
pir,700
dow,15000
bem,3810000
eot,200
mxl,396000
kxy,25000
mxb,5080
bxs,7800
sgg,5500
rnw,18000
ktx,300
skq,6000
kmr,8930000
jmd,25000
fit,30000
sgt,5000
agb,150000
wrx,3000
tpx,40200
kaq,100
nma,32500
wol,22340000
mtq,1450000
cad,25
nab,720
hng,500000
gmu,580
nfr,89000
hss,600
kbg,780
sdq,100000
wmc,220
knc,8150000
nrg,1000
gdb,15000
tdt,944000
tmc,25200
nso,13720000
pcw,3000
sym,59700
cnb,44400
ext,500000
kxv,176000
kab,6770000
ydg,6000
swl,8000
djm,130000
mtx,380
pee,370
hir,40
pcn,8100
mbk,4560
kvx,373000
kjp,1000000
cta,540
ozm,40000
fuq,862000
loh,3620
aat,50000
bqi,1270000
kmk,12700
gvm,3000
hsl,20000
dms,9560
biq,1380
tjo,8360
krl,13900
hkk,8770
frc,13100
bgi,58500
xxk,40000
gwn,27300
wrh,1540
khb,280000
dhi,21600
qvw,250000
ltn,10
ken,62000
neg,22
trd,2000
kuh,10000
hmj,60000
ske,300
kix,62000
cia,105000
tnx,15
tax,500
was,10
isa,280
glr,8230
plz,5500
quc,1050000
ssd,1310
alc,12
mug,140000
xbr,240000
zbw,1000
mdq,100000
jkr,1500
dtd,7
bgj,14000
hae,11100000
gah,40000
lbo,56400
kei,85000
gvn,390
dkk,1140
ont,3000
klu,388000
ood,14000
khp,200
oci,1000000
she,43820
gej,476000
adj,159000
bha,197000
tgc,10000
msb,724000
mtw,7570
bpp,450
sgc,1910000
nhz,2470
bsc,19700
knm,1330
juu,50
kxk,11800
vam,2700
yhd,94000
omw,8000
xmb,1490
rri,240
kww,250
yns,100000
aqn,250
mlm,86000
khr,298000
qxw,5000
pto,180
agt,780
ael,5000
aol,25000
cub,6100
apf,1700
mqs,12000
mne,510000
kwi,12000
gos,262000
nan,28300000
hoz,6000
wkl,750
qvj,30500
uth,50000
elk,1640
tzo,550000
wtm,857000
unr,1160000
jau,350
bsh,128000
mnr,37
btu,25000
dny,740
jnd,5000
mnf,39000
rsk,11300
tvk,2000
qvz,11000
tkv,1000
tvo,46000
ong,13700
raf,3160
rbb,158000
phr,2500000
urk,5000
sja,3500
gao,2500
kcr,25000
bgf,8500
nyq,7030
zkd,30000
cas,7300
pbi,30000
ffi,180
soi,20000
dtm,133000
nor,5280000
bud,160000
urn,400
agc,70000
dyo,340000
blh,27000
quv,6530
ndn,3000
atr,2010
mko,3000
mrw,866000
mqa,6620
ins,6000000
aps,1500
ora,550
deh,19800
bge,63000
myb,80000
cbj,4140
yig,600000
kyg,11500
pmq,340
caa,16700
mgm,273400
nmj,11600
ddd,5000
mxn,4600
lww,2200
kev,19000
aiw,298300
myc,21000
bjn,3650000
yog,17900
tpe,157000
nsi,800000
tkp,2990
sbz,13600
cot,440
puf,140
sat,7340000
nww,4360
plu,1290
ziw,442000
nes,6790
jms,1000
yom,669000
osu,200
rtw,451000
tvl,10000
mqt,4000
iba,1452000
mlh,1700
krp,10200
xpk,32
bey,2200
ktl,160
lis,700000
aui,630
nbw,105000
ddj,560
wmb,24
twl,110000
cuw,100
yif,35000
mlz,8500
mwk,434000
kog,9910
otq,33000
puj,2000
brd,1850
bzh,7000
bvx,4000
zah,60
ncb,10100
ril,12500
ayr,998000
ife,127000
tsn,1940000
gju,1290000
buy,8000
eri,2210
zte,200
cld,85800
mki,198000
azm,900
sdh,4250000
vgr,5000
stg,63300
lje,7500
pum,11030
cuq,80000
hux,200
pda,1070
pmm,38700
etb,15000
mkn,350000
ggb,11800
guu,12200
oue,1000
miw,600
dof,950
stb,85400
bfc,35000
end,110000
xvi,25000
lhn,350
kwu,10000
yre,40000
mwm,183000
kkz,4
lae,21500
dak,100
kvv,7400
too,3000
anw,2890000
gne,3000
dup,1700
rsl,700000
rms,24600
dhd,1480000
soj,7030
itr,500
dop,154000
oie,16000
aai,3470
mop,10600
bet,250000
yhs,10
mcq,10000
faf,1700
aic,100
lbc,9000
ytp,200
anm,27200
goy,30
ksc,13000
mnw,743000
wbq,198000
acf,138000
yox,950
cjn,180
nbq,4400
ndw,10200
yee,50
png,30000
dba,2000
bca,800000
kct,780
bas,300000
krc,274000
tyz,1850000
ayu,800
mzq,14000
los,780
oor,32000
kch,500
clm,6
xko,2360
the,285000
lrl,121000
efa,6320
tpl,7500
vkt,210000
fss,300
ncm,710
tls,1
dei,400
cbw,14000
kdp,12000
emk,3100000
see,100
lrr,2500
njl,900
csb,89200
yrl,6000
vau,6700
blw,15000
sst,21000
lkh,8000
pdn,280
kdr,75
slk,5147000
awc,20000
toj,67000
srv,185000
yev,150
xuj,101000
ibr,5000
txo,1400
guc,122000
abb,13000
igo,1180
klj,19000
bcy,304000
itb,7500
yta,13600
kyq,40000
wkb,10000
aki,1790
ykh,2000
bru,37400
jiu,10000
dsh,48230
ulm,31600
mjg,152000
dbp,11400
kpy,2630
tuy,198000
hmp,35000
kfb,128000
ssi,60000
atb,120000
lej,100000
pkb,112000
loo,10000
apy,950
prg,50
mzj,95800
dgr,2140
kmx,2750
kvk,180000
gae,160
kjr,2180
xma,34000
war,2610000
nue,5100
dgg,140
nnb,903000
kdz,3700
tny,37700
zuh,6000
nlv,120000
blz,20500
mcs,15000
mbp,1850
mpg,271000
nms,800
tdl,16000
nyw,80000
kfx,195000
pho,39200
cky,5000
xwr,300
mgg,45000
zlq,370000
byp,11400
srt,100
ndg,72000
cok,4110
clh,1000
gbg,14500
rme,2100
pei,2360
aoc,23100
aqm,1000
mjm,510
tsy,500
oma,85
gas,100000
bho,50600000
cbi,5870
tgi,2000
njd,2460
bfe,600
cvg,600
npo,21700
mbz,5630
msk,26100
van,1740
wai,200
nif,2000
bsb,37600
nph,54400
nyn,3420000
lja,1
duq,4500
stk,1500
yli,15000
rim,892000
rwo,11500
nne,13100
ain,2
adf,125000
aig,86000
ykg,360
nio,50
cbk,431000
mva,7950
nez,100
jkm,4000
kbh,4000
lce,420
lbg,9550
wok,2500
mcb,21400
ylu,500
okc,50000
avu,74000
kxx,53000
mvg,710
bzc,2000000
sry,630
lyn,2880
pku,50
qum,4160
bfq,134000
lmb,400
kfn,3600
mlo,8140
nii,12000
ikx,14000
dym,2000
drn,800
bzz,10000
apz,4650
gor,505000
rhp,1430
bct,32000
wnk,10000
zmq,50900
oub,7390
twp,1400
fam,1000
anu,131000
kcq,20000
kfq,727000
utu,1010
orc,92100
rmb,51
kap,6500
jur,280
sqq,2500
umm,20000
pak,900
fkv,1500
com,100
nsa,76000
sgd,501000
ybo,1500
tth,30900
ntj,1050
mcj,100
hac,180000
kpq,8000
evh,19800
mfn,236000
bsf,26000
bpz,7000
sli,12000
hik,10200
lik,60000
kru,1990000
iby,60000
gir,50
cni,35200
tnt,14900
bda,24900
hmh,56000
mey,3750000
sls,6000
abc,1660
wii,100
drd,1750
gng,57400
suc,125000
yuy,4000
sbp,119000
fab,6000
vsl,86000
cac,58600
kfu,12000
crh,228000
tox,150
dii,250
whg,58000
bgq,1890000
mil,5500
ddi,3360
cdm,59370
xrw,63
pif,4500
kns,250
zts,5000
tua,460
bfa,941000
sdc,100000
ngk,5
azj,9430000
tro,870
hur,93
aie,230
nsk,1040
ghs,12000
nkb,25600
mdj,650000
lin,40000000
xoi,320
mdu,47000
btd,172000
lam,201000
gue,640
dgc,610
nux,6300
zin,205000
beo,5000
cjm,132000
cya,8940
tif,3600
crl,4880
xta,10000
sml,90000
mok,50
ksf,67000
ava,654000
cth,1000
brg,67
sjb,6000
uss,60000
tbl,87200
bla,6680
oac,43
abr,1170000
mft,360
irk,603000
tyj,300
ths,4950
mqh,6030
mqb,15000
cor,600
pwm,7940
did,100000
ngq,52400
gdn,2810
xhv,1000
zmt,8
mpp,2600
mqv,50
kie,18500
gdo,2730
hay,1940000
dsz,40
pbm,33800
ctd,256000
tim,11000
psc,250000
bwe,17200
nvm,1200
llc,48700
nmz,146000
tdn,9560
ncq,65000
skg,1210000
blx,11000
twq,20900
pln,500
lto,72700
pcj,20
nhx,26600
uum,1000
ynq,50000
xac,16000
ttg,16600
crn,5370
wbf,4500
hrv,3690000
ddo,14200
akt,1970
tpa,1280
ymk,50000
jeh,15200
crw,29500
brf,120000
dic,181000
mii,1350
bbt,8500
nxq,300000
ojc,8000
mxc,405000
byw,1670
pht,470000
tyr,80000
bwf,880
dob,61000
ctz,300
law,49800
ztm,59
cpu,10700
dkx,35000
saf,5000
lih,15000
dgh,30000
xms,63400
jah,2500
lgz,43000
jjr,75000
sjr,2500
ekr,50000
cno,1000
dhl,6
akl,526000
asa,530000
fla,64
lbt,5000
nst,60000
zpb,250
laa,27000
pep,350
ngu,125000
gjn,310000
zhd,100000
rji,4326
mkw,1750000
tyx,14400
bbo,35000
log,210000
mts,450
keu,70300
rif,1480000
myy,1000
sky,760
tfi,157000
niy,275000
sss,163000
crv,5910
mck,135000
nga,1010000
klc,4500
ayk,15000
gkn,100000
koh,1000
dza,2500
nak,30000
acz,20000
slp,268000
zax,340
aba,304000
jls,7500
akq,10
tpj,1550
kte,4280
ndu,7000
ayg,16500
kia,15400
bgs,43000
bku,11600
ght,900
mdw,190000
auj,2690
raz,350
mnh,65000
dus,8370
aft,4000
siv,20
ukr,30800000
mwz,4200
amo,12300
bks,85000
aap,340
tre,6110
mgd,230000
gdd,6950
mkc,520
mdt,106000
kvm,1900
kgg,1
srx,400000
zyn,1800000
knv,3500
jnl,900
kxf,10000
bsi,5000
rbk,9700
scs,420
ipi,26000
jiq,50000
bmk,2810
kwg,40000
cdr,45000
dsb,6670
hue,620
mfv,122000
pam,2040000
ycl,380000
bto,385000
dka,2000
ttc,3010
kiq,250
bji,49450
wuv,1600
alm,150
rai,10300
kee,6680
rmh,290
mnq,100
tuq,97000
dil,13000
kvp,330
ndz,48000
mve,171000
nsn,7000
mpw,10
irh,4000
wlc,44300
yam,80000
ikk,22800
hrc,6300
bit,350
kkp,18
lwh,1600
lkd,1
ptu,42100
ibb,10700000
kfp,28500
mdy,101430
ymq,1500
zaj,293000
ruc,238000
kdg,167000
nnj,24300
twf,1070
sqx,50
kme,300
vro,87000
xla,1100
bzb,335
tqn,50
agu,10100
kxt,800
aao,139000
dtu,3000
shi,5200000
mwo,1400
gvs,370
bjv,36000
rue,6730
brr,11100
yne,2000
ers,20000
otn,10000
med,100000
won,12700
mvn,2300
wbh,180
ztl,4200
keb,1000
anv,20000
poc,10800
lwt,6000
tpt,3000
ywa,1370
txs,670
nbt,1500
sqo,11900
pjt,4560
lum,43900
lal,55000
szg,26000
mqq,1200
ngy,2300
byr,9610
kzq,1750
djo,37000
ngi,80000
twx,365000
akc,7000
sny,1300
xsu,3040
zmy,20
lei,270
rgn,160000
yby,2340
njx,137000
kxi,3000
pea,20000
vmm,1800
che,1490000
enx,3840
fip,713000
pko,778000
bon,2050
old,362000
its,940000
trt,500
led,750000
tbm,17000
nyl,3000
kcf,18000
nao,770
qxa,4820
glb,500
hmi,70000
idr,700
zpt,3380
bnd,3000
ogb,393000
wan,22000
agk,12
ahn,2400
bsx,100
dyu,8500000
tkd,52530
klg,69900
gbk,181000
wah,4000
gal,22230
bip,58000
bus,62000
dnd,170
twn,30
zku,130
kla,6
zpz,4630
tdi,100
sdk,3300
mcn,239000
doo,55000
lgr,21500
mbd,9060
var,2140
ttq,829000
udu,22000
gur,638000
agw,8120
kiu,203000
jbk,320
lcc,250
ktn,210
snz,3000
auk,1500
wae,10000
bqq,250
ayz,20000
bbk,39000
bsq,733000
mbu,100000
cux,8680
xnn,94100
spa,46590000
tfr,3300
pfe,50000
dmx,11000
bso,40
opo,2070
pua,124000
kgx,2330
kjk,68500
tqm,5
nct,3590
gvj,280
bde,356000
ncl,3000
npx,33
dar,362000
urw,2250
jbm,10000
pre,200
kyp,47600
lnu,99000
phj,6090
sdj,216000
bvb,51000
wbm,40000
tqt,1610
guz,3200000
rob,272000
ayt,1000
ngm,15
aua,210
dah,1570
zpj,4000
wll,9000
snx,700
lmy,25000
yul,4000
wut,580
ybm,1090
net,750
dde,30000
mfs,250000
tat,4070000
arq,37540000
ski,175000
chq,8000
ple,10000
dme,5000
dzn,6000
ica,50500
yuz,1810
tuz,70000
yol,140
crx,400
knp,10000
srs,180
ukw,315000
ztp,75000
yra,380
rkb,40
tbi,113000
oml,10500
kbs,100
mfx,24860
ele,330
weg,16
chw,970000
hhi,80
ram,2500
nnl,13000
kbi,230
ydd,166000
wbt,9
oro,7500
bgd,359000
aoe,34400
mtf,1200
naq,279000
zph,260
pbl,5690
roh,40000
emu,200000
ymp,1860
ndj,196000
tau,100
beg,1130
ate,8
ing,2
etx,40000
kgy,100
nea,5000
nko,20400
yml,3480
fay,113000
kbw,200
alz,750000
nnf,2100
ugn,25000
yno,12600
yal,112000
yll,1000
nsh,5000
amk,10100
ksr,2200
uks,14
mzu,4000
wgi,39000
juy,25000
yiz,54000
mxg,400000
pan,34700000
zga,217000
kiw,6000
bhl,2250
aqg,48000
boh,20500
ykn,5000
bkt,30000
pom,1
taf,950
aau,7500
tgr,5000
bra,1560000
arl,50
rpn,90
toh,327000
yyz,50
yrw,130
quy,1270000
lop,5000
cuv,13500
cbt,14000
dib,851000
mrm,1100
avn,27200
idi,1610
qxq,1020000
qxr,170000
awh,100
crk,12000
cdy,20000
vkk,36000
bcp,500000
asz,6
cte,11800
bse,25000
fap,22000
mgz,37200
gle,1171000
plt,7520000
nir,2000
bco,5100
dig,410000
tli,60
mbs,58000
tsl,10000
bzm,3000
tcw,540
urm,370
tqq,34000
ttm,140
ttw,600
gld,3180
hov,1000
aup,1300
tpr,150
bbl,600
zwa,14000
mkr,650
pms,700000
gyb,2650
kje,20000
zai,85000
stu,9550
azb,8400000
mdg,10
zbu,3000
aqz,3
bvw,10000
ntr,10900
fiw,300
alh,5
fur,600000
trq,2750
mef,6870
twg,800
tkb,59000
ghl,40000
dne,136000
tjj,10
dtt,2900
bfs,680000
pcb,1670
nmq,90000
brq,4500
qwa,2500
swv,3000000
abn,25000
nli,5000
bds,28000
cly,1800
lan,5000
twh,280000
sgu,50
spd,550
bbd,3150
kjx,6000
zsl,14400
bky,275000
shh,1000
gss,40000
pdc,230000
nbm,88000
gwj,1470
bwx,400000
kjy,10000
grs,2500
akd,11400
hnu,3630
rmu,100
ikw,651000
nxa,20830
swh,59400000
lha,10200
kne,167000
bop,150
grx,1500
ixl,115000
ypg,13000
lsv,62
kta,4000
tmj,400
uig,10100000
jmb,5000
gea,9030
brj,70
dev,2000
ksh,250000
brv,5000
bab,6000
dub,252000
onu,1050
klh,670
tdr,6000
sox,10000
azz,125000
lmi,12000
nuh,350
ubi,1100
kyc,12000
kkh,100000
sgj,1740000
gpa,15000
lbl,68800
mmf,1500
ktu,12400000
jpn,122000000
mfo,65000
mge,96000
hba,13000
csw,4680
ogu,12000
kse,2400
pad,290
lmu,500
nuq,750
mhb,8000
wes,12000000
slv,2026700
kga,95500
snc,18000
kpd,870
nou,12000
siu,330
gus,64000
asp,240000
mhp,19000
mjh,6000
lwo,257000
bcs,30000
suk,8130000
aee,51600
boe,530
awx,1800
plh,50
ymm,2580000
pbo,148500
anj,980
mph,360
gay,275000
tcx,1560
abt,33000
dee,17100
leh,128000
scl,716000
mci,4000
sru,2000
jyy,2200
nco,12000
cwb,43000
yrk,24500
khq,444000
njn,71000
sol,15000
dag,1160000
hoj,2940000
phu,200000
bvi,73000
pci,12000
itv,189000
nnu,8200
kcp,17000
brw,1000
mbc,15000
gds,450
cae,18400
bcz,12300
jns,137000
nlu,1800
yaj,26500
tce,140
miy,11600
weh,7000
aak,1500
snp,29000
kht,8000
kcw,8400
kmf,470
tum,1950000
giz,60000
kfa,114000
tyl,200
zpc,12000
mkb,51000
aye,3000
pes,75400000
bta,302000
odk,2000000
tww,740
std,250
teg,90000
ztu,9500
srq,190
zmr,5
mju,18000
eyo,251000
nby,150
mss,850
une,19800
brs,64
tic,34000
tjl,100000
nwr,190
ydk,770
ssb,200000
kcb,12
jmn,2500
kqk,178000
rgu,12000
can,800
gbe,930
khv,2220
nqm,1200
mwf,2080
mhe,2990
taq,590000
sck,12130000
rmc,123000
nsv,15000
ymd,2000
dml,5000
bdb,15000
bbw,24500
bjs,257000
sns,600
kji,3130
trg,4000
wmg,11500
kic,400
guq,910
myp,390
ibd,150
tac,9230
tea,32000
dhn,203000
nbs,8310
cui,2200
kvy,1000
dnn,13400
lpn,1000
dre,3370
pxm,8090
lnb,300
saq,366000
egl,440000
raw,62000
xkd,1500
afk,1270
zim,20100
gmn,3000
nce,600
mlf,23200
ehu,14200
kts,4000
bsj,6000
kbq,80000
mmm,180
yaw,5
smh,20000
sva,12000
bcw,23000
mgi,40000
gho,10000
cib,25000
dmu,220
zpo,10000
bhp,500000
sav,200000
niq,938000
bjp,1080
dlk,3100
inn,5360
goq,1000
kub,44600
and,4600
gis,20000
ttj,846000
teo,2360000
srr,1810000
peh,10000
gbn,600
ase,408000
cng,57800
nyc,69000
tev,1100
hnn,25100
kxd,252000
bar,8310000
pll,231000
zca,4880
tks,405000
wet,280
pel,24800
mev,341000
hma,10000
ide,5000
ilv,5000
kbt,2900
shr,654000
kys,4150
cos,120000
orh,1200
bqy,1125
bwi,610
sbe,3000
kyj,2000
otr,17000
loi,8010
dos,20000
ars,14600000
nas,22000
ata,2000
gwi,300
als,965000
mvq,60
enf,97
drt,255000
bej,2550000
luk,810
jhi,1250
kaf,4000
not,8020
xnr,1120000
mpt,3500
mye,45000
ibo,30700000
wsa,620
cul,3000
gut,300
tdy,2620
ngs,20000
moq,30
byo,120000
uvh,3000
yui,1100
bkh,58000
pbp,12400
gbq,32500
emw,250
woe,1630
nbe,244000
aaz,70000
pix,100
uln,10
nof,6700
aha,175000
scw,5900
mso,250
hui,200000
awm,320
gdm,750
wud,2500
bre,206000
noc,900
alt,62600
ldj,10000
nhv,310
sua,3500
hns,153000
lki,680000
mmo,1500
itt,18000
bot,21000
xpe,867000
ixc,9
ylg,900
esu,10000
gzn,2900
kde,1470000
xsp,180
tow,1790
bkz,22000
tbx,3500
sra,160
dry,12790
wni,373000
dmr,2800
mkd,1130000
haj,71800
pot,21
byv,210000
bcu,1450
sur,150000
dbm,65000
maa,18900
jmi,120
vmj,6380
trj,8460
kmo,4000
sed,212000
dri,90000
mlu,19500
ffm,1040000
agx,20600
yax,17100
ral,900
faj,10
lsl,2000
nkn,22300
vmc,16000
kky,810
kkw,38800
kpc,7000
tec,23300
sjl,6500
sob,1000
ypp,3000
ssz,1750
zul,27300000
tty,2000
usi,22400
san,24800
fpe,200000
lws,93000
psg,1000
ttu,2000
wwa,127000
pgu,3310
bwt,8400
tkt,106000
liw,173000
mmb,200
bqv,106000
eke,443000
kvw,3700
jil,650
ame,7520
emx,500
ikl,89000
gsl,23600
aix,5430
tri,1300
gva,28
ygm,20
amh,58800000
grw,26
tcz,313000
sre,4000
vjk,11500000
dgz,9000
cnp,1760000
kuv,3180
jle,39000
tom,19000
txn,7910
dnr,260
bnm,5750
nhd,6310
ayi,10000
lky,85000
nmo,3700
irr,4420
lar,107000
nsu,25000
zoq,12
wob,301000
yro,430
ufi,1320
dmb,19000
igm,1840
dkg,18000
kzo,1000
wbl,17000
frp,80000
kew,45000
ays,15
ldp,16000
bxr,307000
isg,50000
dpp,500
tam,76900000
mtd,40000
htu,16000
waj,1990
kff,455000
laj,2130000
mlc,201000
byj,7000
kbc,1590
wtb,40000
aja,200
hig,607000
adz,30000
jgk,70000
kep,25900
rng,617000
kwf,50500
wku,1000
bzj,130000
cay,230
pid,13000
tnh,3040
onn,1200
agl,500
tca,35000
ani,18100
hmg,70000
swu,7590
yzg,600
bmr,150
lek,1320
lso,36000
wmd,300
tuf,2500
ktp,180000
knw,9000
cuk,57100
prx,93500
pks,1080000
zil,25000
ler,380
pas,400
reb,5000
gum,21000
maj,17500
sba,1320000
mgw,227000
cxh,800
sax,4000
zia,6550
wih,12
izm,2000
agd,27000
dua,87700
shd,700
wmw,166000
cnl,10700
ttp,2240
ngd,5000
bkm,233000
nax,280
prt,20000
xua,2400
cic,75
nxo,1000
dti,500
kfo,66000
ano,370
asb,370
iks,20
sza,4100
avl,1230000
mku,559000
rea,590
kcs,5000
sek,59
nql,900
bnq,1200
adw,83
ahk,240000
smw,300000
lni,600
abe,10
clc,770
cme,79600
msr,16000
eso,1500
bty,4500
mmq,400
elu,570
snr,570
jma,1160
zau,11400
yaf,700000
wag,1020
cfa,25000
ttd,12000
ryn,9800
sdb,250000
xse,1000
mjc,5580
amc,300
nav,171000
tsp,19500
ywq,250000
lcd,900
nmc,43700
tik,110000
mmg,5250
lme,30000
dec,67000
xhe,21200
nba,1050000
gkp,497000
rjg,6000
kgo,54000
amw,23900
bki,350
xtw,1
zlu,7000
scp,10170
hub,10200
ulb,10000
svk,15000
ots,20000
otl,100
pla,2990
bhj,29500
xeu,5970
sku,8200
lbv,4580
bux,75000
vkp,800
thm,450
gra,76700
sch,25000
mwa,120
spe,700
kkv,110000
twm,8600
kmu,9300
soo,18000
bbq,10800
dtn,300
hwc,1000000
prs,29560000
frq,280
hif,300000
aad,830
xkx,550
obu,3420
ptv,1300
tns,30
kmb,1700000
ysd,400
llq,50
yoy,7000
nra,8240
mkk,9500
aik,3000
diq,1280000
ccg,107000
lkl,720
huu,600
mrj,15400
lou,4800
bol,250000
ono,40
cgc,30000
kyk,153000
agy,450
cnq,1800
bgv,300
afi,60
ake,4500
scv,6
shk,574000
mue,2600
guw,1080000
kik,8150000
tal,30000
zpw,770
nuf,12000
nmn,2000
bav,27000
bdc,5000
ena,980
kqx,500
yuf,690
dbj,10000
ruh,10
tha,60200000
swy,2000
nia,867000
ahm,2000
ahr,1640000
baj,4450
arh,8000
hve,2550
nkw,40000
kgq,8000
wub,4
mrs,15
mim,30000
aih,3000
dnw,180000
soa,45000
gid,54000
das,4000
zng,4650
str,100
mtp,1930
shx,910
rub,84000
nku,276000
zkr,600
psn,770
kgi,500
bwd,7640
kdi,266000
any,1660000
smc,500
etn,500
cpn,132000
mgc,50000
lrv,680
tcy,1850000
iar,7000
sdn,100000
pok,34
jye,300
tdx,1300000
chk,48200
lsr,800
oog,10300
fut,1500
hed,40000
lud,3000
ahb,950
lnl,150000
onk,300
eno,870
mgs,43100
azt,300
ngt,16800
lmg,6130
wpc,1100
nsp,20000
shg,2000
nkg,690
sqk,3000
sot,1760000
mla,3410
ybj,5000
itw,5000
mkx,12800
wkd,550
gdl,80500
dif,34
awv,2300
xnj,258000
gsn,800
hmr,99000
yup,3000
sdr,166000
kzy,2000
kkd,3000
hol,23100
poq,1
frt,720
phq,380
ijc,2440000
onb,600000
apb,17400
bof,17000
wuu,83300000
ksq,10000
kqp,20000
vkl,32100
nye,9380
noh,400
ben,164300000
lna,40000
mwl,15000
koz,510
hak,36400000
yix,120000
oni,500
prf,15000
tek,167000
obk,2760
vmz,12000
eip,3000
omb,5000
pfa,1320
ndv,56500
ykt,5000
ude,190
lvl,95200
tun,32
btm,691000
mea,4300
gqa,43000
nxr,3950
row,7000
nnn,10000
ifa,27100
key,6600
rka,4200
bep,4280
cdn,1830
wji,75000
bsk,131000
tkn,5000
kra,19020
kmi,5000
tkq,447000
eng,63900000
mjb,9760
eus,987000
bfj,21000
jud,131000
hrt,4
bwz,12000
baa,12700
yap,5130
anf,30
clk,4000
gvl,163000
rad,177000
nal,6500
tlg,250
tuu,3
gmm,14000
rkm,207000
dad,3620
nuw,50
gox,12000
mgr,207000
chz,3140
wlo,65000
dax,13
tsv,9000
tgn,100000
fuf,4300000
ciy,63
gam,4000
bei,4000
tpu,31000
ncs,6200
ams,1800
tmt,630
emi,6000
rnp,7500
koe,5000
bdy,460
xmd,6000
kqt,800
lll,850
wne,147000
ybk,10000
kpk,11400
rbl,300000
tgo,2450
yim,83300
klm,470
vaa,9300
yss,1990
swj,39400
jni,1150
orx,75000
yey,4180
taz,2650
xuo,12300
akr,218
lri,65600
imo,30000
wsg,300000
odu,18000
pbb,60000
qvs,15000
hao,12000
xiy,1
stq,2000
tdv,3500
pip,35000
ruk,100000
yat,5200
kus,535000
crt,800
sct,40000
aae,100000
zmo,100
ysn,100000
ria,58500
tby,15000
mjt,235000
bmw,49000
kfj,1000
epi,140000
swf,2500
vaf,22800
kku,2270
bly,1500
mky,20000
btt,100000
clu,30000
bfo,108000
nxg,60000
tii,24500
xal,108000
mei,93000
xte,9970
mbh,2560
kxs,1000
iou,1100
mab,960
nfd,18000
axk,15000
mrt,237000
ttr,101000
glh,66800
geg,4000
aiy,35000
ysg,2000
hya,940
kqr,10000
kef,5880
goa,500000
pha,26800
xmc,438000
naf,16000
mqc,7280
tlr,19300
bax,420000
bcm,4500
sdl,100000
aqk,500
xny,12
udi,3530
mrf,300
wrn,1100
aso,30000
kiy,250
ppo,3200
csq,6500
nmt,940
bgb,2050
whk,8000
eza,738000
bfn,86500
sii,400
mzl,19200
moa,20000
kqe,70000
kwp,840
pqa,15000
vmx,1550
mdx,35950
bpy,79600
lsp,9000
dbd,70000
bxu,80000
ncg,330
gei,2650
evn,11000
asg,100000
nyj,150000
teu,50
mxr,1120
nkm,170
ulc,510
csl,4200000
kcx,2830
hts,1000
nzb,120000
noj,2
lks,35100
msf,1200
lcp,8000
aun,700
ukh,2000
sho,5400
dcc,12800000
bfu,3750
zay,18500
lie,8400
big,6230
sec,4
siy,7030
jje,5000
lez,288000
olo,25600
grq,20
nld,16400000
rwm,42600
mgh,1170000
olm,240
ivv,35000
abv,710000
oym,910
cao,1400
vot,8
ari,10
jaq,10000
mfj,11000
ima,1000
xog,2960000
elh,50
bqg,9900
erk,6000
cqd,1400000
hch,60300
bpd,102000
hnj,100000
aeu,10000
ite,44
bvk,400
rmf,10000
goi,1000
unk,450
mou,7000
kfy,2080000
nlm,500
seu,1200
sfs,500000
mro,52500
lil,98
bea,160
mql,93000
nxe,50000
bww,200000
bzd,7000
gnj,1000
hmz,250000
crm,420
mbt,50000
iqw,260000
hug,310
cie,3000
kpi,100
koo,893000
mwc,1700
kbv,300
sep,55900
mtt,750
sbi,160
aul,750
ayc,213000
ply,500
mth,800
lad,43000
qxu,18600
wtf,510
lia,538000
bow,12
coh,309000
gax,8860000
fvr,744000
nhm,18700
kwc,79000
mtg,5600
wum,18300
bgn,1020000
zmp,165000
yau,1500
jeu,1500
jii,34000
lsn,510
mdn,60000
har,33570
sjd,600
ldi,159000
kcc,11400
yot,3000
tct,20000
kjq,3990
pbn,3000
daj,107000
bzu,250
zom,61000
bbg,1000
duo,1400
tsz,41100
pin,100
tna,1150
kdq,36400
zpy,2200
tig,806000
flh,550
rol,94000
ida,156000
hsh,10000
tgt,2000
smf,410
azg,5200
zrg,60000
wbj,53000
djb,52
qxp,845000
amg,1
amr,1910
ton,106000
chv,700000
nuy,280
noy,36
apu,2000
rus,134000000
crj,890
eee,7000
qvi,150000
rop,17490
hut,5000
ruq,2900
mmd,30000
abx,26400
pnm,30
kod,20000
gyr,8430
bva,4100
adl,29200
nam,99
bvu,59000
ptq,200000
aip,40
ykr,1050
syk,14800
dwz,10300
dva,5000
guj,60200000
goj,20200
jcs,40
isi,51000
ums,1820
slw,400
zms,8400
tae,100
kiz,11000
hoe,1500
kql,1250
pru,700
tak,50
pah,360
mdm,100000
kfr,1030000
lhm,7000
sok,5000
mgp,462000
poi,37700
win,250
duk,1050
bxk,1190000
spm,800
cle,2000
agf,150
lot,312000
mer,1980000
tbc,25000
ndq,22300
jml,9470
ceg,2000
lgb,72
adh,482000
kip,15000
ukv,46500
shw,3500
smo,177000
top,80000
deu,80720000
lln,26000
sgy,2200
bvm,31000
tvt,25000
fsl,100000
kye,83000
huz,3050
acy,1000
cho,9640
nda,4530
xer,2570
wja,60000
awe,170
bqo,600
ldg,5600
mmp,220
lns,240000
msc,100000
kks,1500
yai,12000
yph,1300
sbj,7890
ylm,29000
bor,3000
owi,330
ror,4000
ylo,15000
mae,2000
cwt,9450
ddw,1270
cbl,15000
ngx,2000
lgt,840
tsk,12600
vto,630
afo,100000
kyx,3500
roe,450
gui,52000
mut,400000
pbe,2000
lke,99900
wiv,7000
vgt,6500
brh,2570000
gii,50000
tyn,4000
wfg,230
nmd,3000
nik,7500
gef,2000
wss,273000
huo,1000
enu,14000
quf,30000
gbp,200000
kzf,62600
mnu,85
kah,4800
bcf,6310
xes,750
ckt,2610
asj,7600
skj,700
bye,960
nmw,1100
bgt,5910
sgx,39000
pym,31000
muk,2654
mnx,12000
mry,82000
tla,8700
mjk,160
gey,15000
csc,25000
bvf,100
ojg,25900
wkw,2
pkh,2400
stf,180
aax,10000
chx,4670
nla,53500
ato,3200
bpu,1000
srf,160
giq,300
bql,34
dbf,1500
cyo,189000
yik,30000
bef,45000
gvf,51100
skc,1600
dwa,5000
nis,2000
djk,45300
ebu,600000
mam,591000
sxb,158000
inl,810000
lwm,4000
guk,165380
bfl,35500
src,500000
mjw,529000
hau,63400000
bmj,11580
xao,10000
lig,15000
smx,4200
pzn,1500
rug,31100
blq,2500
csf,34000
fnb,95
ann,250000
tly,43300
cps,639000
mds,1350
klz,3900
kmz,960000
faa,1100
slz,4000
moc,2780
zea,100000
lrc,2480000
bgu,3000
guo,1000
kvg,4500
bpr,150000
lkn,800
knz,25000
ces,9372000
cbu,3260
kwd,22400
rau,1270
ltz,416400
mru,300
doq,32000
tob,30400
mjl,623000
mcy,730
muq,80000
trn,3140
xmt,1250
ekl,3820
yok,50
szb,10000
njs,500
izz,540000
zib,73000
avt,8000
ypa,12000
xaw,1
mfb,340000
zag,279000
kpw,10000
gaq,3060
krd,23090
bwy,24000
ded,6500
sma,300
akh,40000
noa,4000
waz,530
bpl,40
nuo,1000
dmo,3540
lnd,23000
tto,15800
ldl,10000
stw,500
fse,5000
mnk,888000
llu,22800
zal,2100
gub,14000
sld,13000
xkk,5780
tue,640
kux,460
afd,440
fwe,14000
abd,3800
xmg,38500
zka,2290
dor,2600
bkx,71880
ygl,45
gwb,980
far,10700
zpu,3500
lkr,79000
gjk,136000
alj,14600
twe,4000
sdo,49100
pbf,500
tgb,4000
sbq,250
jab,300000
hix,1200
kak,100000
btq,1000
mxw,370
tlf,5630
pbs,7370
kwk,140
fue,693000
pig,500
coz,850
aoj,11000
set,30000
taj,1251600
efe,20000
mxs,2400
bmp,150
wbw,1800
lcf,2000
wbk,28000
mvu,5000
wrl,37
czt,40000
soz,24600
mvw,36000
yue,73800000
xtu,1880
uvl,6000
wec,25200
tdm,1
bwm,3040
gia,270
mtu,1020
vbb,4460
tlt,17000
mnc,20
gvc,1000
efi,2693000
kxa,2500
gog,1080000
ssh,20000
ksd,148000
syb,140000
emb,10000
idt,17290
twr,100
ach,1500000
nnq,171000
kll,500
stl,5000
khc,120000
bxb,26000
zeh,1200000
aby,650
bou,122000
nhq,7000
chj,37900
drc,500
uni,670
brp,2500
ewo,578000
csk,66000
dao,37000
mtb,300000
xdy,520000
ilu,1400
mzo,130
kly,22
klv,1350
wdj,5
ppm,600
mzb,191000
crg,75
ebk,6170
cbc,460
wbi,41800
kmc,1000000
kbd,450000
sts,1000
klx,950
sby,34100
tlp,15100
qxt,4660
diu,55700
mwb,700
kor,50000000
bug,4370000
fad,3380
ypo,500
kao,700000
xwa,25
vku,10
ibu,35
tck,2000
kma,3800
kat,3424000
had,16000
bln,135000
mmz,42000
syn,60
kgv,240
cuc,7410
div,490000
kkb,15
ury,1600
suy,410
wbs,120000
pnw,140
ore,190
tsa,23000
lhp,2610
dij,820
aud,270
crd,1
ruo,1400
ago,1000
bdp,41000
mua,351000
aln,1910000
cko,91300
lpe,530
tog,382000
gbs,65000
bzx,30000
ywt,213000
cnk,60000
miq,114000
mnp,11300000
atl,150
bqj,17100
mkp,570
vap,42700
gdk,2500
mzt,180
kmm,15100
jvn,75500
tjs,1500
bdu,106000
opm,12000
ctp,16000
nmh,3200
bpq,3690
yiu,20000
hro,30000
fuu,12000
bfx,71600
poh,133000
dot,8830
kes,2000
pwo,210000
cfd,3000
gru,315500
sao,500
yin,12000
wei,700
mya,42000000
bkf,1000
npg,4500
cod,250
lpa,500
ker,44500
sou,4500000
qxo,161000
knt,700
ulf,110
apd,44400000
gmb,1520
lva,120
nej,640
kbo,30000
bay,3640
but,3600
ktm,3000
pbh,4180
ada,1020000
dzd,100
gnq,250
hoo,15500
hld,2500
cts,77500
dbu,24700
ndk,25000
tcn,482
tya,400
cik,1400
sgw,2470000
bqn,21000
gow,113000
yaa,600
nzr,2400
dty,495000
rel,96300
ccp,483000
xtj,370
aan,6
kso,1100
mbi,14600
xsb,70000
bhe,70
kos,6620
oda,20
ntx,4000
dyi,176000
mjx,26400
ckx,3100
yet,1400
mlw,10000
juw,15000
qwh,173000
aqd,5200
tei,520
coe,2100
nkk,526
jkp,6710
zdj,425000
yzk,13000
txt,8000
woo,9110
kss,205000
tti,100
kza,30200
bvt,3500
byc,30000
mar,99000000
hup,31
frs,200000
saj,7500
wau,320
nbl,2490000
mrr,165000
nnr,94
mpr,710
hrk,18200
tuk,4340000
mfq,319000
aaf,200
scn,4700000
kwo,800
lvu,4000
muv,16800
rac,200
kut,31
doz,24400
due,3000
nck,55
pnk,5
tga,100000
bgl,8000
pae,28000
zac,15000
naj,12400
mxf,6000
gmx,9000
spl,7240
ifk,30000
ehs,70
hot,4500
auh,100000
nqk,25000
tiu,4000
wim,1550
tcf,37500
czh,5420000
auy,11100
nrl,83
hrw,2100
uzs,4220000
ghr,10000
kgr,3000
sps,2000
gdr,3290
myu,8000
xem,11000
pys,15000
dbt,3000
flr,400000
mkz,155700
tza,290000
cds,80000
mvd,10000
ksl,4850
vra,500
asy,2000
tht,43
bkv,100000
ulu,3000
kaa,758000
hud,300
lzn,15000
mbm,23000
cjp,11100
kkq,13000
kcz,51000
thy,1000
ngj,37000
gcc,5000
udj,1030
pdu,133000
gqi,6000
pni,2630
emg,1570
pon,29000
ymi,2000
lex,18000
auz,700
yab,620
vsv,6000
mbj,370
mpd,940
cmi,45000
lij,140000
uha,13600
xan,224000
kdy,370
jav,68200000
szw,12000
ala,100000
cab,43100
bfd,100000
bli,180000
kja,300
gic,20000
abo,1000
tfn,90
sxs,12500
mjj,30
tqo,25200
bvl,22600
fcs,8000
imn,250
kkf,8000
pag,1240000
xub,32000
ycn,770
lmv,1730
nyb,11000
hmo,95000
alk,25000
aly,1950
bwr,507000
sly,103000
thu,6600
ltu,2130
mfy,25000
tbn,300
sna,10660000
jru,170
ajz,125000
mih,10000
bfb,991000
taw,1000
poy,201000
wry,3900000
bed,180
wli,3000
vay,1480
nau,10100
ebg,5000
xra,2180
gsm,50000
bps,90800
dzg,606000
pps,4730
mbn,300
wof,362000
xki,260000
goo,800
nhh,20400
mdd,38600
pbg,1
xsm,128000
geh,35000
pty,1000
mtr,4210000
uhn,14000
bhc,330
srn,291000
dwy,1500
amj,97000
aot,5400
bcg,3700
mzm,784000
pgg,18700
okk,130
klk,5520
sci,57400
ksv,100000
uan,890
gnm,1440
kyb,15000
sgb,4200
kna,20000
ven,2910000
mas,1190000
lmp,130000
kqw,1400
tiw,2100
ard,31
ijn,507000
tge,124000
gby,550000
xsl,780
tab,87200
wyy,85100
mal,35500000
ero,45000
bfp,5000
mel,113000
cri,45000
vmk,729000
kxn,200
kdm,25400
aar,2122800
afe,70000
msw,18600
lbb,230
ygp,100000
kpf,15000
bvq,200
sxg,1800
tiq,1000
esg,150000
pup,120
fbl,260000
kzu,50
spb,2600
tis,7500
tbs,740
txe,10800
tql,200
mxh,5100
gel,36000
nge,18800
nhi,17100
rmo,80000
mcg,2
kbu,1000
agz,1500
buv,480
yla,700
cbv,220
blp,2200
tet,91200
pbt,13330000
wog,700
tbz,233000
bhb,3290000
rou,21500
mzd,1780
adr,98000
qus,60000
lji,290
fra,65700000
pso,38000
tip,300
yiv,160000
miu,460
ynk,60
yrb,1230
mhr,259000
bes,1230
hos,45000
xmo,100
prd,27500
tvm,1050
ywu,150000
tse,21200
acx,2350000
sro,500000
kkk,1050
wtk,750
dih,290
mum,3000
ibm,8000
jge,58000
nmy,5000
ppn,99
blt,699000
kec,6070
bjl,910
fij,314000
deg,10000
umn,4000
kti,8000
raq,910
lda,25000
trc,25000
psi,172000
heh,1210000
grr,11000
wsk,20000
una,630
kum,401000
nec,1500
wad,5000
uta,15000
vko,1500
kni,10400
krr,20700
nks,1000
xti,1110
bzw,326000
bdx,180
ulw,350
pwa,6490
nop,2500
msd,400
wmh,26870
mjz,33870
kmg,61000
chr,2200
tug,2260
yas,35000
bdh,61000
hop,6080
khx,3500
hij,600
gih,28
xom,10000
bza,149000
tgl,76500000
kci,13000
dgd,21000
piw,64600
gix,12000
nna,240
jog,50000
knn,2190000
umu,1
gom,3630000
mip,10000
tjp,6
waq,28
emz,25000
gaa,745000
yir,1500
adi,150000
krj,433000
tst,3000
myf,2300
keg,1400
kqa,2500
kgw,5000
eka,63000
bao,110
ggw,26000
dir,9000
gge,40
sge,2000
ssg,1400
kfs,296000
lst,1360
bce,5300
liy,183000
rmx,200
tja,20000
eja,17200
ojb,20000
heb,8300000
pio,4930
nca,6900
acr,124000
ibg,277000
glc,1200
wlv,31500
npb,3000
wuh,4000
shs,190
uiv,2000
ccd,40
lqr,15000
ckq,10000
eki,5000
xky,1250
tsx,1730
aya,900
kjc,167000
yit,38000
giw,1200
kjz,20000
stn,6910
bgk,2370
vmg,6000
sbc,1460
icr,12000
nfa,3000
jen,100000
zyp,17000
sqt,111000
aju,2400
tbj,4200
nwb,82000
mjs,30000
dbb,3000
nsy,3000
urz,87
ndr,60400
lor,6100
biz,20000
try,1000
bxw,6000
ziz,6000
mxa,5430
bbj,350000
lao,4230000
bmd,7500
ayl,4550000
nlj,43000
cpb,7000
puc,200
ksp,72000
mzy,150000
vmr,588000
pof,46000
atj,6820
sks,4500
kxq,170
haa,2
plv,12000
toi,1330000
sbw,100
bjh,700
byl,300
kmw,400000
prk,400000
bun,216000
gni,210
